{
  "solar_mean": 311.40876597778,
  "solar_std": 399.10122779362945,
  "demand_mean": 5953.808243392234,
  "demand_std": 2422.18197649991,
  "ev_mean": 799.918131019916,
  "ev_std": 200.02179351870325,
  "freq_mean": 50.00012558357514,
  "freq_std": 0.05006402946523808,
  "voltage_mean": 1.0000781974695827,
  "voltage_std": 0.029970767039474894
}